{
  "name" : "Light Gradient Boosting Model TSMODEL",
  "description" : "Generate forecast with Light Gradient Boosting Model.",
  "revision" : 0,
  "version" : 1,
  "prototype" : {
    "name" : "Light Gradient Boosting Model TSMODEL",
    "revision" : 0,
    "executionProviderId" : "Compute",
    "status" : "undefined",
    "componentProperties" : {
      "preProcessArgsCode" : "--[[ read dynamic args from table ]]\nif sas.exists(\"inlib._BACKENDARGS\") then\n  local dsid = sas.open(\"inlib._BACKENDARGS\")\n\n  for row in sas.rows(dsid) do\n    --[[ split path on \".\" ]]\n    local path = {}\n    for k in row.key:gmatch \"[^.]+\" do\n        table.insert(path, k)\n    end\n\n    --[[ traverse path ]]\n    local obj = args\n    for i = 1, #path - 1 do\n        if obj[path[i]] == nil then\n          --[[ insert missing object ]]\n          obj[path[i]] = {}\n        end\n        obj = obj[path[i]]\n    end\n\n    --[[ set value ]]\n    obj[path[#path]] = row.value\n  end\n\n  sas.close(dsid)\n\n  --[[ update _backendArgs macro var for use in subsequent code ]]\n  sas.symput('_backendArgs', JSON:encode(args))\nend",
      "_holdoutSampleSize": 0,
      "_holdoutSamplePercent": 20,
      "_trend": "Linear",
      "_seasonDummy": true,
      "_lagXNumber": 0,
      "_lagYNumber": 0,
      "_depTransform": "NONE",
      "preProcessTransformationsCode" : "--[[ apply transformations to input data ]]\nif args.dataSpecification.inTransformations then\n\n    --[[ set max syserr to 4 (allow warnings) ]]\n    local prevMaxSysErr = sas.get_max_syserr()\n    sas.set_max_syserr(4)\n\n    --[[ initialize references to the tables at the root ]]\n    sas.symput('_timeseries', \"&inData\")\n    sas.symput('_attributes', \"&inAttributes\")\n\n    --[[ apply series of tranformations to input data ]]\n    for i, transformation in ipairs(args.dataSpecification.inTransformations) do\n        if transformation.type == 'FEDSQL' then\n            --[[ submit query ]]--\n            local query = transformation.value\n            sas.submit[[\n                proc cas;\n                    fedsql.execDirect /\n                        query=\"@query@\";\n                run;\n                quit;\n            ]]\n        end\n\n        --[[ update table reference so next transformation is applied to output of previous one ]]\n        sas.symput(transformation.tableReferenceKey, transformation.tableReferenceValue)\n    end\n\n    --[[ restore max syserr ]]\n    sas.set_max_syserr(prevMaxSysErr)\nend"
    }
  },
  "applicationId" : "forecasting",
  "classification" : "pluggable",
  "providerId" : "CustomTemplate",
  "group" : "modeling",
  "hidden" : false
}