{
  "creationTimeStamp" : null,
  "modifiedTimeStamp" : null,
  "createdBy" : null,
  "modifiedBy" : null,
  "id" : null,
  "name" : "Light Gradient Boosting Machine with Task Option",
  "description" : "Generate forecast with Light Gradient Boosting Machine or only fit Light Gradient Boosting Machine.",
  "revision" : 0,
  "version" : 3,
  "prototype" : {
    "creationTimeStamp" : null,
    "modifiedTimeStamp" : null,
    "createdBy" : null,
    "modifiedBy" : null,
    "id" : null,
    "name" : "Light Gradient Boosting Machine with Task Option",
    "description" : null,
    "revision" : 0,
    "iconCode" : null,
    "imageUri" : null,
    "executionProviderId" : "Compute",
    "code" : null,
    "classification" : null,
    "group" : null,
    "status" : "undefined",
    "componentProperties" : {
      "_depTransform" : "NONE",
      "_holdoutSamplePercent" : 20,
      "_holdoutSampleSize" : 0,
      "_lagXNumber" : 0,
      "_lagYNumber" : 0,
      "_seasonDummy" : true,
      "_trend" : "Linear",
      "_task":"Fit",
      "_reusePrevPrediction" : "No",
      "preProcessArgsCode" : "--[[ read dynamic args from table ]]\nif sas.exists(\"inlib._BACKENDARGS\") then\n  local dsid = sas.open(\"inlib._BACKENDARGS\")\n\n  for row in sas.rows(dsid) do\n    --[[ split path on \".\" ]]\n    local path = {}\n    for k in row.key:gmatch \"[^.]+\" do\n        table.insert(path, k)\n    end\n\n    --[[ traverse path ]]\n    local obj = args\n    for i = 1, #path - 1 do\n        if obj[path[i]] == nil then\n          --[[ insert missing object ]]\n          obj[path[i]] = {}\n        end\n        obj = obj[path[i]]\n    end\n\n    --[[ set value ]]\n    obj[path[#path]] = row.value\n  end\n\n  sas.close(dsid)\n\n  --[[ update _backendArgs macro var for use in subsequent code ]]\n  sas.symput('_backendArgs', JSON:encode(args))\nend"
    },
    "systemAttributes" : null,
    "validationModel" : null,
    "validationErrors" : null,
    "version" : 3,
    "componentPropertyMetadata" : { },
    "eTag" : "W/\"1720038252333547000\""
  },
  "applicationId" : "forecasting",
  "classification" : "pluggable",
  "providerId" : "CustomTemplate",
  "group" : "modeling",
  "hidden" : false,
  "eTag" : "W/\"1720038252333490000\""
}